id,lat,lon,nombre,tipo,street_count,direccion
27146055,14.6045374,-90.5292524,Interseccion_1,interseccion,3,"Boulevard Liberación, Ciudad de Guatemala, Departamento de Guatemala, Guatemala"
282391143,14.6032591,-90.5281642,Interseccion_2,interseccion,3,"Boulevard Liberación, Ciudad de Guatemala, Departamento de Guatemala, Guatemala"
282481394,14.6002412,-90.5253746,Interseccion_3,interseccion,3,"2a Avenida, Cantón Tivoli, Ciudad de Guatemala, Departamento de Guatemala, Guatemala"
282481401,14.596553,-90.5221319,Interseccion_4,interseccion,3,"Boulevard Liberación, Ciudad de Guatemala, Departamento de Guatemala, Guatemala"
282481412,14.598243,-90.523871,Interseccion_5,interseccion,3,"11 Avenida, Ciudad de Guatemala, Departamento de Guatemala, Guatemala"
282481420,14.5957189,-90.5215036,Interseccion_6,interseccion,3,"Boulevard Liberación, Ciudad de Guatemala, Departamento de Guatemala, Guatemala"
283273701,14.6029443,-90.5284119,Interseccion_7,interseccion,3,"6a Avenida, Pamplona, Ciudad de Guatemala, Departamento de Guatemala, Guatemala"
283273728,14.6048209,-90.5281384,Interseccion_8,interseccion,3,"Avenida La Castellana, Ciudad de Guatemala, Departamento de Guatemala, Guatemala"
283273731,14.6010762,-90.5250993,Interseccion_9,interseccion,3,"2a Avenida, Cantón Tivoli, Ciudad de Guatemala, Departamento de Guatemala, Guatemala"
283273733,14.6036559,-90.524605,Interseccion_10,interseccion,4,"11 Calle, Cantón Tivoli, Ciudad de Guatemala, Departamento de Guatemala, Guatemala"
283273736,14.6038458,-90.5256826,Interseccion_11,interseccion,3,"11 Calle, Cantón Tivoli, Ciudad de Guatemala, Departamento de Guatemala, Guatemala"
289764727,14.5945246,-90.5170989,Interseccion_12,interseccion,3,"Boulevard Los Próceres, Ciudad de Guatemala, Departamento de Guatemala, Guatemala"
315750150,14.6017758,-90.5219317,Interseccion_13,interseccion,4,"5a Avenida, Cantón Tivoli, Ciudad de Guatemala, Departamento de Guatemala, Guatemala"
323102405,14.591829,-90.5191114,Interseccion_14,interseccion,3,"Avenida Las Américas, Ciudad de Guatemala, Departamento de Guatemala, Guatemala"
323585956,14.6025981,-90.5186359,Interseccion_15,interseccion,4,"7a Avenida, Ciudad de Guatemala, Departamento de Guatemala, Guatemala"
410407928,14.6009057,-90.5167817,Interseccion_16,interseccion,5,"12 Calle, Ciudad de Guatemala, Departamento de Guatemala, Guatemala"
410408024,14.604153,-90.5282731,Interseccion_17,interseccion,3,"Avenida La Castellana, Ciudad de Guatemala, Departamento de Guatemala, Guatemala"
410408500,14.6042312,-90.5285246,Interseccion_18,interseccion,3,"Avenida La Castellana, Ciudad de Guatemala, Departamento de Guatemala, Guatemala"
410408502,14.6047116,-90.5290322,Interseccion_19,interseccion,3,"Diagonal 12, Ciudad de Guatemala, Departamento de Guatemala, Guatemala"
410414371,14.5951082,-90.5178554,Interseccion_20,interseccion,3,"Plaza Obelisco, Ciudad de Guatemala, Departamento de Guatemala, Guatemala"
410414372,14.5950262,-90.5179569,Interseccion_21,interseccion,3,"Plaza Obelisco, Ciudad de Guatemala, Departamento de Guatemala, Guatemala"
410414411,14.5951167,-90.517364,Interseccion_22,interseccion,3,"Avenida Reforma, Ciudad de Guatemala, Departamento de Guatemala, Guatemala"
410417455,14.5985837,-90.5241738,Interseccion_23,interseccion,3,"Boulevard Liberación, Ciudad de Guatemala, Departamento de Guatemala, Guatemala"
410443328,14.5986015,-90.5211136,Interseccion_24,interseccion,4,"14 Calle, Ciudad de Guatemala, Departamento de Guatemala, Guatemala"
410447626,14.5976108,-90.5214079,Interseccion_25,interseccion,3,"14 Calle A, Ciudad de Guatemala, Departamento de Guatemala, Guatemala"
410447728,14.594835,-90.5213183,Interseccion_26,interseccion,3,"Avenida Hincapié, Ciudad de Guatemala, Departamento de Guatemala, Guatemala"
410448234,14.5867051,-90.5235936,Interseccion_27,interseccion,3,"Avenida Hincapié, Ciudad de Guatemala, Departamento de Guatemala, Guatemala"
410449191,14.5953478,-90.5206174,Interseccion_28,interseccion,3,"Boulevard Liberación, Ciudad de Guatemala, Departamento de Guatemala, Guatemala"
410449457,14.5952569,-90.5203667,Interseccion_29,interseccion,4,"Boulevard Liberación, Ciudad de Guatemala, Departamento de Guatemala, Guatemala"
410449859,14.59551,-90.5196491,Interseccion_30,interseccion,3,"Boulevard Liberación, Ciudad de Guatemala, Departamento de Guatemala, Guatemala"
410450106,14.5865343,-90.5223874,Interseccion_31,interseccion,3,"15 Avenida, Ciudad de Guatemala, Departamento de Guatemala, Guatemala"
410450390,14.5949395,-90.5196503,Interseccion_32,interseccion,3,"15 Avenida, Ciudad de Guatemala, Departamento de Guatemala, Guatemala"
410450393,14.5938852,-90.520275,Interseccion_33,interseccion,3,"15 Avenida, Ciudad de Guatemala, Departamento de Guatemala, Guatemala"
410450394,14.5865115,-90.5222779,Interseccion_34,interseccion,3,"15 Avenida, Ciudad de Guatemala, Departamento de Guatemala, Guatemala"
410450475,14.5935902,-90.5181852,Interseccion_35,interseccion,3,"Boulevard Liberación, Ciudad de Guatemala, Departamento de Guatemala, Guatemala"
410451991,14.5996972,-90.5170164,Interseccion_36,interseccion,4,"Avenida Reforma, Ciudad de Guatemala, Departamento de Guatemala, Guatemala"
410452879,14.5958949,-90.5177465,Interseccion_37,interseccion,3,"16 Calle, Ciudad de Guatemala, Departamento de Guatemala, Guatemala"
410453224,14.5970284,-90.5175114,Interseccion_38,interseccion,3,"Avenida Reforma, Ciudad de Guatemala, Departamento de Guatemala, Guatemala"
410453350,14.5957902,-90.5172205,Interseccion_39,interseccion,3,"16 Calle, Ciudad de Guatemala, Departamento de Guatemala, Guatemala"
410453351,14.5984002,-90.5167255,Interseccion_40,interseccion,5,"Avenida Reforma, Ciudad de Guatemala, Departamento de Guatemala, Guatemala"
410453363,14.5960152,-90.5171725,Interseccion_41,interseccion,3,"Avenida Reforma, Ciudad de Guatemala, Departamento de Guatemala, Guatemala"
410453366,14.5963852,-90.5172061,Interseccion_42,interseccion,3,"Avenida Reforma, Ciudad de Guatemala, Departamento de Guatemala, Guatemala"
410453741,14.5982409,-90.5157414,Interseccion_43,interseccion,3,"1a Avenida, Ciudad de Guatemala, Departamento de Guatemala, Guatemala"
410454699,14.6025395,-90.5159376,Interseccion_44,interseccion,3,"Avenida Reforma, Ciudad de Guatemala, Departamento de Guatemala, Guatemala"
410455571,14.6010989,-90.5162166,Interseccion_45,interseccion,5,"Avenida Reforma, Ciudad de Guatemala, Departamento de Guatemala, Guatemala"
410455624,14.6009415,-90.5152671,Interseccion_46,interseccion,4,"1a Avenida, Ciudad de Guatemala, Departamento de Guatemala, Guatemala"
410455814,14.5970921,-90.5169578,Interseccion_47,interseccion,4,"15 Calle, Ciudad de Guatemala, Departamento de Guatemala, Guatemala"
410456323,14.5995835,-90.515507,Interseccion_48,interseccion,4,"1a Avenida, Ciudad de Guatemala, Departamento de Guatemala, Guatemala"
410456324,14.5997676,-90.5164456,Interseccion_49,interseccion,4,"13 Calle, Ciudad de Guatemala, Departamento de Guatemala, Guatemala"
410456359,14.602909,-90.5203657,Interseccion_50,interseccion,4,"11 Calle, Cantón Tivoli, Ciudad de Guatemala, Departamento de Guatemala, Guatemala"
410461952,14.601634,-90.5204884,Interseccion_51,interseccion,4,"6a Avenida, Cantón Tivoli, Ciudad de Guatemala, Departamento de Guatemala, Guatemala"
410461982,14.6016575,-90.5206179,Interseccion_52,interseccion,4,"Calle Montúfar, Cantón Tivoli, Ciudad de Guatemala, Departamento de Guatemala, Guatemala"
410462006,14.6015442,-90.5206411,Interseccion_53,interseccion,4,"6a Avenida, Cantón Tivoli, Ciudad de Guatemala, Departamento de Guatemala, Guatemala"
410462008,14.6015207,-90.5205112,Interseccion_54,interseccion,4,"6a Avenida, Cantón Tivoli, Ciudad de Guatemala, Departamento de Guatemala, Guatemala"
410462410,14.6051897,-90.5284427,Interseccion_55,interseccion,3,"42 Calle, Ciudad de Guatemala, Departamento de Guatemala, Guatemala"
410698239,14.5858996,-90.520962,Interseccion_56,interseccion,4,"Avenida Las Américas, Ciudad de Guatemala, Departamento de Guatemala, Guatemala"
410698241,14.5909679,-90.5194712,Interseccion_57,interseccion,3,"Avenida Las Américas, Ciudad de Guatemala, Departamento de Guatemala, Guatemala"
410699007,14.5874511,-90.5200047,Interseccion_58,interseccion,3,"Avenida Las Américas, Ciudad de Guatemala, Departamento de Guatemala, Guatemala"
410699008,14.5870802,-90.5201032,Interseccion_59,interseccion,3,"Avenida Las Américas, Ciudad de Guatemala, Departamento de Guatemala, Guatemala"
410699009,14.5856473,-90.520492,Interseccion_60,interseccion,3,"Avenida Las Américas, Ciudad de Guatemala, Departamento de Guatemala, Guatemala"
410699012,14.5847225,-90.5207643,Interseccion_61,interseccion,3,"Avenida Las Américas, Ciudad de Guatemala, Departamento de Guatemala, Guatemala"
412197885,14.6018637,-90.5218047,Interseccion_62,interseccion,4,"Calle Montúfar, Cantón Tivoli, Ciudad de Guatemala, Departamento de Guatemala, Guatemala"
412197887,14.6031204,-90.5215657,Interseccion_63,interseccion,4,"11 Calle, Cantón Tivoli, Ciudad de Guatemala, Departamento de Guatemala, Guatemala"
412198003,14.6018863,-90.5219103,Interseccion_64,interseccion,4,"Calle Montúfar, Cantón Tivoli, Ciudad de Guatemala, Departamento de Guatemala, Guatemala"
412198005,14.6031396,-90.5216745,Interseccion_65,interseccion,4,"5a Avenida, Cantón Tivoli, Ciudad de Guatemala, Departamento de Guatemala, Guatemala"
412198043,14.6034804,-90.5236086,Interseccion_66,interseccion,4,"11 Calle, Cantón Tivoli, Ciudad de Guatemala, Departamento de Guatemala, Guatemala"
412198045,14.6022414,-90.5238438,Interseccion_67,interseccion,4,"Calle Montúfar, Cantón Tivoli, Ciudad de Guatemala, Departamento de Guatemala, Guatemala"
412198057,14.6033695,-90.5229677,Interseccion_68,interseccion,3,"11 Calle, Cantón Tivoli, Ciudad de Guatemala, Departamento de Guatemala, Guatemala"
412198062,14.6021201,-90.5232089,Interseccion_69,interseccion,3,"Calle Montúfar, Cantón Tivoli, Ciudad de Guatemala, Departamento de Guatemala, Guatemala"
412198093,14.6033034,-90.5226044,Interseccion_70,interseccion,3,"11 Calle, Cantón Tivoli, Ciudad de Guatemala, Departamento de Guatemala, Guatemala"
412198254,14.6027752,-90.5196239,Interseccion_71,interseccion,3,"11 Calle, Cantón Tivoli, Ciudad de Guatemala, Departamento de Guatemala, Guatemala"
412285320,14.596916,-90.515994,Interseccion_72,interseccion,3,"15 Calle, Ciudad de Guatemala, Departamento de Guatemala, Guatemala"
413315361,14.5919289,-90.5184713,Interseccion_73,interseccion,3,"Avenida Las Américas, Ciudad de Guatemala, Departamento de Guatemala, Guatemala"
429839894,14.5890376,-90.5195422,Interseccion_74,interseccion,3,"Avenida Las Américas, Ciudad de Guatemala, Departamento de Guatemala, Guatemala"
429840030,14.5866736,-90.5195314,Interseccion_75,interseccion,3,"1a Avenida, Ciudad de Guatemala, Departamento de Guatemala, Guatemala"
476530617,14.5955168,-90.5214063,Interseccion_76,interseccion,3,"Avenida Hincapié, Ciudad de Guatemala, Departamento de Guatemala, Guatemala"
476530674,14.5960659,-90.5220505,Interseccion_77,interseccion,3,"Boulevard Liberación, Ciudad de Guatemala, Departamento de Guatemala, Guatemala"
476530754,14.5956523,-90.5199909,Interseccion_78,interseccion,3,"7a Avenida, Ciudad de Guatemala, Departamento de Guatemala, Guatemala"
476530766,14.5948722,-90.5186138,Interseccion_79,interseccion,3,"Boulevard Liberación, Ciudad de Guatemala, Departamento de Guatemala, Guatemala"
479440905,14.5988358,-90.5224003,Interseccion_80,interseccion,3,"14 Calle, Ciudad de Guatemala, Departamento de Guatemala, Guatemala"
479440906,14.6017575,-90.5218239,Interseccion_81,interseccion,4,"5a Avenida, Cantón Tivoli, Ciudad de Guatemala, Departamento de Guatemala, Guatemala"
479440908,14.5987263,-90.5217992,Interseccion_82,interseccion,3,"5a Avenida A, Ciudad de Guatemala, Departamento de Guatemala, Guatemala"
479440910,14.5986118,-90.5211689,Interseccion_83,interseccion,4,"6a Avenida, Ciudad de Guatemala, Departamento de Guatemala, Guatemala"
479440911,14.6018981,-90.5225991,Interseccion_84,interseccion,3,"4a Avenida A, Cantón Tivoli, Ciudad de Guatemala, Departamento de Guatemala, Guatemala"
479440912,14.5989573,-90.5231694,Interseccion_85,interseccion,3,"4a Avenida A, Ciudad de Guatemala, Departamento de Guatemala, Guatemala"
479440913,14.6020166,-90.523252,Interseccion_86,interseccion,3,"4a Avenida, Cantón Tivoli, Ciudad de Guatemala, Departamento de Guatemala, Guatemala"
479440914,14.5990666,-90.5238136,Interseccion_87,interseccion,3,"4a Avenida, Cantón Tivoli, Ciudad de Guatemala, Departamento de Guatemala, Guatemala"
479440915,14.6021274,-90.523863,Interseccion_88,interseccion,4,"3a Avenida, Cantón Tivoli, Ciudad de Guatemala, Departamento de Guatemala, Guatemala"
479440916,14.5991254,-90.524437,Interseccion_89,interseccion,4,"14 Calle, Ciudad de Guatemala, Departamento de Guatemala, Guatemala"
479440917,14.6008933,-90.5240985,Interseccion_90,interseccion,4,"3a Avenida, Cantón Tivoli, Ciudad de Guatemala, Departamento de Guatemala, Guatemala"
479440918,14.60078,-90.5234765,Interseccion_91,interseccion,4,"13 Calle, Cantón Tivoli, Ciudad de Guatemala, Departamento de Guatemala, Guatemala"
479440919,14.6006634,-90.522836,Interseccion_92,interseccion,4,"4a Avenida A, Cantón Tivoli, Ciudad de Guatemala, Departamento de Guatemala, Guatemala"
479440921,14.6005234,-90.5220674,Interseccion_93,interseccion,4,"5a Avenida, Ciudad de Guatemala, Departamento de Guatemala, Guatemala"
479440922,14.6003083,-90.5208824,Interseccion_94,interseccion,4,"6a Avenida, Ciudad de Guatemala, Departamento de Guatemala, Guatemala"
479440924,14.5999971,-90.5191332,Interseccion_95,interseccion,4,"7a Avenida, Ciudad de Guatemala, Departamento de Guatemala, Guatemala"
479440996,14.6028859,-90.5202411,Interseccion_96,interseccion,4,"6a Avenida, Cantón Tivoli, Ciudad de Guatemala, Departamento de Guatemala, Guatemala"
479440997,14.6024256,-90.5248353,Interseccion_97,interseccion,3,"Calle Montúfar, Cantón Tivoli, Ciudad de Guatemala, Departamento de Guatemala, Guatemala"
479441026,14.6013299,-90.519456,Interseccion_98,interseccion,3,"Calle Montúfar, Cantón Tivoli, Ciudad de Guatemala, Departamento de Guatemala, Guatemala"
481805122,14.5982908,-90.5194427,Interseccion_99,interseccion,4,"7a Avenida, Ciudad de Guatemala, Departamento de Guatemala, Guatemala"
481805124,14.5979369,-90.5173405,Interseccion_100,interseccion,5,"14 Calle, Ciudad de Guatemala, Departamento de Guatemala, Guatemala"
481805126,14.5980665,-90.5172075,Interseccion_101,interseccion,4,"Avenida Reforma, Ciudad de Guatemala, Departamento de Guatemala, Guatemala"
481805128,14.5983662,-90.5168316,Interseccion_102,interseccion,4,"Avenida Reforma, Ciudad de Guatemala, Departamento de Guatemala, Guatemala"
481805137,14.5987705,-90.5170727,Interseccion_103,interseccion,3,"Avenida Reforma, Ciudad de Guatemala, Departamento de Guatemala, Guatemala"
481805139,14.5984382,-90.5168173,Interseccion_104,interseccion,4,"Avenida Reforma, Ciudad de Guatemala, Departamento de Guatemala, Guatemala"
516392098,14.6028851,-90.5163921,Interseccion_105,interseccion,3,"Avenida Reforma, Ciudad de Guatemala, Departamento de Guatemala, Guatemala"
516392101,14.6030408,-90.51624,Interseccion_106,interseccion,3,"Avenida Reforma, Ciudad de Guatemala, Departamento de Guatemala, Guatemala"
516392104,14.6025761,-90.5185133,Interseccion_107,interseccion,4,"11 Calle, Ciudad de Guatemala, Departamento de Guatemala, Guatemala"
516392107,14.6022198,-90.5165226,Interseccion_108,interseccion,4,"11 Calle, Ciudad de Guatemala, Departamento de Guatemala, Guatemala"
516392110,14.6015431,-90.5165296,Interseccion_109,interseccion,3,"Avenida Reforma, Ciudad de Guatemala, Departamento de Guatemala, Guatemala"
516392127,14.5973022,-90.5173615,Interseccion_110,interseccion,3,"Avenida Reforma, Ciudad de Guatemala, Departamento de Guatemala, Guatemala"
516392128,14.5971469,-90.5173902,Interseccion_111,interseccion,4,"Avenida Reforma, Ciudad de Guatemala, Departamento de Guatemala, Guatemala"
516392130,14.5971177,-90.5174596,Interseccion_112,interseccion,3,"Avenida Reforma, Ciudad de Guatemala, Departamento de Guatemala, Guatemala"
528142594,14.5861209,-90.5203616,Interseccion_113,interseccion,3,"10a Calle, Ciudad de Guatemala, Departamento de Guatemala, Guatemala"
528142720,14.585439,-90.5205548,Interseccion_114,interseccion,3,"Avenida Las Américas, Ciudad de Guatemala, Departamento de Guatemala, Guatemala"
528148701,14.5892196,-90.5185846,Interseccion_115,interseccion,3,"2a Avenida, Ciudad de Guatemala, Departamento de Guatemala, Guatemala"
528171278,14.5909588,-90.522334,Interseccion_116,interseccion,3,"Avenida Hincapié, Ciudad de Guatemala, Departamento de Guatemala, Guatemala"
528171280,14.5893828,-90.5227609,Interseccion_117,interseccion,3,"8a Calle, Ciudad de Guatemala, Departamento de Guatemala, Guatemala"
528176344,14.5865312,-90.5236459,Interseccion_118,interseccion,3,"Avenida Hincapié, Ciudad de Guatemala, Departamento de Guatemala, Guatemala"
528176351,14.5862968,-90.5231951,Interseccion_119,interseccion,3,"11 Calle, Ciudad de Guatemala, Departamento de Guatemala, Guatemala"
528176508,14.5864298,-90.5226297,Interseccion_120,interseccion,3,"11 Calle, Ciudad de Guatemala, Departamento de Guatemala, Guatemala"
528177349,14.5861979,-90.5236892,Interseccion_121,interseccion,3,"Avenida Hincapié, Ciudad de Guatemala, Departamento de Guatemala, Guatemala"
528177352,14.5859884,-90.5238127,Interseccion_122,interseccion,3,"Avenida Hincapié, Ciudad de Guatemala, Departamento de Guatemala, Guatemala"
528177373,14.5865954,-90.5231484,Interseccion_123,interseccion,3,"11 Calle, Ciudad de Guatemala, Departamento de Guatemala, Guatemala"
528178078,14.5870649,-90.5234573,Interseccion_124,interseccion,4,"Avenida Hincapié, Ciudad de Guatemala, Departamento de Guatemala, Guatemala"
528202615,14.5863771,-90.5224647,Interseccion_125,interseccion,3,"Ciudad de Guatemala, Departamento de Guatemala, Guatemala"
528202619,14.5861369,-90.5225433,Interseccion_126,interseccion,3,"Ciudad de Guatemala, Departamento de Guatemala, Guatemala"
528202621,14.5860987,-90.5225038,Interseccion_127,interseccion,3,"Ciudad de Guatemala, Departamento de Guatemala, Guatemala"
528202623,14.5860709,-90.5223918,Interseccion_128,interseccion,3,"Ciudad de Guatemala, Departamento de Guatemala, Guatemala"
528202626,14.5863225,-90.5222786,Interseccion_129,interseccion,3,"11 Calle, Ciudad de Guatemala, Departamento de Guatemala, Guatemala"
528202628,14.5863579,-90.5223163,Interseccion_130,interseccion,3,"Ciudad de Guatemala, Departamento de Guatemala, Guatemala"
528202630,14.5863849,-90.522431,Interseccion_131,interseccion,3,"Ciudad de Guatemala, Departamento de Guatemala, Guatemala"
528214431,14.5859805,-90.521214,Interseccion_132,interseccion,3,"11 Calle, Ciudad de Guatemala, Departamento de Guatemala, Guatemala"
528214672,14.5852552,-90.5211207,Interseccion_133,interseccion,3,"11 Calle, Ciudad de Guatemala, Departamento de Guatemala, Guatemala"
528214862,14.5861439,-90.5208962,Interseccion_134,interseccion,3,"Avenida Las Américas, Ciudad de Guatemala, Departamento de Guatemala, Guatemala"
528215918,14.5862774,-90.5221382,Interseccion_135,interseccion,3,"11 Calle, Ciudad de Guatemala, Departamento de Guatemala, Guatemala"
528216862,14.5858627,-90.521678,Interseccion_136,interseccion,3,"11 Calle, Ciudad de Guatemala, Departamento de Guatemala, Guatemala"
528217379,14.5841539,-90.5214317,Interseccion_137,interseccion,3,"Avenida Las Américas, Ciudad de Guatemala, Departamento de Guatemala, Guatemala"
528221928,14.5883447,-90.5218767,Interseccion_138,interseccion,3,"15 Avenida, Ciudad de Guatemala, Departamento de Guatemala, Guatemala"
528222043,14.5875322,-90.5205182,Interseccion_139,interseccion,3,"Avenida Las Américas, Ciudad de Guatemala, Departamento de Guatemala, Guatemala"
528222059,14.5882967,-90.5217841,Interseccion_140,interseccion,4,"15 Avenida, Ciudad de Guatemala, Departamento de Guatemala, Guatemala"
528222460,14.5889363,-90.5216177,Interseccion_141,interseccion,3,"8a Calle, Ciudad de Guatemala, Departamento de Guatemala, Guatemala"
528222540,14.589466,-90.5214731,Interseccion_142,interseccion,3,"7a Calle A, Ciudad de Guatemala, Departamento de Guatemala, Guatemala"
528222646,14.5898069,-90.5213801,Interseccion_143,interseccion,3,"15 Avenida, Ciudad de Guatemala, Departamento de Guatemala, Guatemala"
528223038,14.59057,-90.5212917,Interseccion_144,interseccion,4,"6a Calle, Ciudad de Guatemala, Departamento de Guatemala, Guatemala"
528223048,14.5905275,-90.5211778,Interseccion_145,interseccion,4,"15 Avenida, Ciudad de Guatemala, Departamento de Guatemala, Guatemala"
528223050,14.5900086,-90.519787,Interseccion_146,interseccion,3,"6a Calle, Ciudad de Guatemala, Departamento de Guatemala, Guatemala"
528223064,14.592765,-90.5218346,Interseccion_147,interseccion,3,"Avenida Hincapié, Ciudad de Guatemala, Departamento de Guatemala, Guatemala"
528223218,14.5924124,-90.520781,Interseccion_148,interseccion,3,"15 Avenida, Ciudad de Guatemala, Departamento de Guatemala, Guatemala"
528223220,14.5923719,-90.520664,Interseccion_149,interseccion,3,"5a Calle, Ciudad de Guatemala, Departamento de Guatemala, Guatemala"
528223222,14.5920801,-90.5199465,Interseccion_150,interseccion,4,"5a Calle, Ciudad de Guatemala, Departamento de Guatemala, Guatemala"
528223226,14.5914902,-90.519281,Interseccion_151,interseccion,3,"Avenida Las Américas, Ciudad de Guatemala, Departamento de Guatemala, Guatemala"
528223235,14.5926189,-90.520598,Interseccion_152,interseccion,3,"15 Avenida, Ciudad de Guatemala, Departamento de Guatemala, Guatemala"
528223322,14.5922291,-90.5199924,Interseccion_153,interseccion,4,"15 Avenida A, Ciudad de Guatemala, Departamento de Guatemala, Guatemala"
528223368,14.5940711,-90.5197253,Interseccion_154,interseccion,1,"2a Calle, Ciudad de Guatemala, Departamento de Guatemala, Guatemala"
528223370,14.5932066,-90.5184052,Interseccion_155,interseccion,3,"Avenida Las Américas, Ciudad de Guatemala, Departamento de Guatemala, Guatemala"
528223778,14.5902703,-90.5204885,Interseccion_156,interseccion,3,"6a Calle, Ciudad de Guatemala, Departamento de Guatemala, Guatemala"
603170052,14.6030082,-90.5281122,Interseccion_157,interseccion,3,"6a Avenida, Pamplona, Ciudad de Guatemala, Departamento de Guatemala, Guatemala"
603170062,14.6029872,-90.5277265,Interseccion_158,interseccion,3,"Calle Montúfar, Pamplona, Ciudad de Guatemala, Departamento de Guatemala, Guatemala"
603170063,14.6029254,-90.5275028,Interseccion_159,interseccion,3,"Diagonal 12, Ciudad de Guatemala, Departamento de Guatemala, Guatemala"
603170069,14.6043383,-90.5288355,Interseccion_160,interseccion,3,"Boulevard Liberación, Ciudad de Guatemala, Departamento de Guatemala, Guatemala"
603170084,14.6038617,-90.5286963,Interseccion_161,interseccion,3,"Boulevard Liberación, Ciudad de Guatemala, Departamento de Guatemala, Guatemala"
603170113,14.6026909,-90.5273988,Interseccion_162,interseccion,3,"Boulevard Liberación, Ciudad de Guatemala, Departamento de Guatemala, Guatemala"
611744650,14.5892156,-90.52214,Interseccion_163,interseccion,1,"8a Calle, Ciudad de Guatemala, Departamento de Guatemala, Guatemala"
611873524,14.5870418,-90.5198004,Interseccion_164,interseccion,3,"9a Calle, Ciudad de Guatemala, Departamento de Guatemala, Guatemala"
616286902,14.6001558,-90.5200286,Interseccion_165,interseccion,3,"6a Avenida A, Ciudad de Guatemala, Departamento de Guatemala, Guatemala"
631824855,14.6002052,-90.5203079,Interseccion_166,interseccion,3,"13 Calle, Ciudad de Guatemala, Departamento de Guatemala, Guatemala"
631824894,14.5858107,-90.521526,Interseccion_167,interseccion,3,"11 Calle, Ciudad de Guatemala, Departamento de Guatemala, Guatemala"
631825279,14.5947731,-90.5191921,Interseccion_168,interseccion,3,"Boulevard Liberación, Ciudad de Guatemala, Departamento de Guatemala, Guatemala"
631825286,14.5950973,-90.5185593,Interseccion_169,interseccion,3,"Boulevard Liberación, Ciudad de Guatemala, Departamento de Guatemala, Guatemala"
708248852,14.6032356,-90.5283702,Interseccion_170,interseccion,3,"Boulevard Liberación, Ciudad de Guatemala, Departamento de Guatemala, Guatemala"
726943232,14.5988519,-90.5224885,Interseccion_171,interseccion,4,"14 Calle, Ciudad de Guatemala, Departamento de Guatemala, Guatemala"
754617198,14.5936904,-90.5211145,Interseccion_172,interseccion,1,"3a Calle, Ciudad de Guatemala, Departamento de Guatemala, Guatemala"
790843467,14.6004119,-90.521455,Interseccion_173,interseccion,3,"5a Avenida A, Ciudad de Guatemala, Departamento de Guatemala, Guatemala"
808125500,14.603672,-90.5246961,Interseccion_174,interseccion,4,"2a Avenida, Cantón Tivoli, Ciudad de Guatemala, Departamento de Guatemala, Guatemala"
808125566,14.6024437,-90.5249366,Interseccion_175,interseccion,3,"2a Avenida, Cantón Tivoli, Ciudad de Guatemala, Departamento de Guatemala, Guatemala"
956415284,14.6002851,-90.5207586,Interseccion_176,interseccion,4,"13 Calle, Ciudad de Guatemala, Departamento de Guatemala, Guatemala"
957679530,14.5938041,-90.5215282,Interseccion_177,interseccion,4,"3a Calle, Ciudad de Guatemala, Departamento de Guatemala, Guatemala"
957679548,14.588011,-90.5231566,Interseccion_178,interseccion,3,"Ciudad de Guatemala, Departamento de Guatemala, Guatemala"
990336857,14.5982719,-90.5193222,Interseccion_179,interseccion,4,"7a Avenida, Ciudad de Guatemala, Departamento de Guatemala, Guatemala"
990336926,14.6014417,-90.5200749,Interseccion_180,interseccion,3,"6a Avenida A, Cantón Tivoli, Ciudad de Guatemala, Departamento de Guatemala, Guatemala"
1507538281,14.5997897,-90.5165761,Interseccion_181,interseccion,4,"13 Calle, Ciudad de Guatemala, Departamento de Guatemala, Guatemala"
1507538284,14.5997533,-90.5168805,Interseccion_182,interseccion,4,"Avenida Reforma, Ciudad de Guatemala, Departamento de Guatemala, Guatemala"
1909301998,14.6032526,-90.5223161,Interseccion_183,interseccion,3,"11 Calle, Cantón Tivoli, Ciudad de Guatemala, Departamento de Guatemala, Guatemala"
1909302002,14.6020007,-90.5225497,Interseccion_184,interseccion,3,"4a Avenida A, Cantón Tivoli, Ciudad de Guatemala, Departamento de Guatemala, Guatemala"
1909302010,14.6028086,-90.5198172,Interseccion_185,interseccion,3,"11 Calle, Cantón Tivoli, Ciudad de Guatemala, Departamento de Guatemala, Guatemala"
1909302012,14.6015551,-90.5200535,Interseccion_186,interseccion,3,"Calle Montúfar, Cantón Tivoli, Ciudad de Guatemala, Departamento de Guatemala, Guatemala"
1963135143,14.597214,-90.5209109,Interseccion_187,interseccion,1,"6a Avenida A, Ciudad de Guatemala, Departamento de Guatemala, Guatemala"
1972994298,14.6040476,-90.5268278,Interseccion_188,interseccion,3,"0 Avenida A, Ciudad de Guatemala, Departamento de Guatemala, Guatemala"
1972994302,14.6028365,-90.527043,Interseccion_189,interseccion,3,"0 Avenida A, Ciudad de Guatemala, Departamento de Guatemala, Guatemala"
2026383064,14.599978,-90.5190238,Interseccion_190,interseccion,4,"7a Avenida, Ciudad de Guatemala, Departamento de Guatemala, Guatemala"
2026383067,14.5962263,-90.5197418,Interseccion_191,interseccion,3,"7a Avenida, Ciudad de Guatemala, Departamento de Guatemala, Guatemala"
2054782996,14.5949548,-90.517327,Interseccion_192,interseccion,3,"Avenida Reforma, Ciudad de Guatemala, Departamento de Guatemala, Guatemala"
2456948630,14.5938258,-90.5191811,Interseccion_193,interseccion,3,"2a Calle, Ciudad de Guatemala, Departamento de Guatemala, Guatemala"
3820014867,14.5917117,-90.5193561,Interseccion_194,interseccion,3,"5a Calle, Ciudad de Guatemala, Departamento de Guatemala, Guatemala"
3820014868,14.5918088,-90.5193154,Interseccion_195,interseccion,3,"5a Calle, Ciudad de Guatemala, Departamento de Guatemala, Guatemala"
3820014869,14.5914396,-90.5192972,Interseccion_196,interseccion,3,"Avenida Las Américas, Ciudad de Guatemala, Departamento de Guatemala, Guatemala"
3820014887,14.5888778,-90.51959,Interseccion_197,interseccion,3,"Avenida Las Américas, Ciudad de Guatemala, Departamento de Guatemala, Guatemala"
3820122586,14.6010068,-90.5167606,Interseccion_198,interseccion,4,"Avenida Reforma, Ciudad de Guatemala, Departamento de Guatemala, Guatemala"
3820122587,14.600789,-90.5166777,Interseccion_199,interseccion,3,"Avenida Reforma, Ciudad de Guatemala, Departamento de Guatemala, Guatemala"
3820122589,14.6011822,-90.5163247,Interseccion_200,interseccion,4,"Avenida Reforma, Ciudad de Guatemala, Departamento de Guatemala, Guatemala"
3820122590,14.6010884,-90.5163396,Interseccion_201,interseccion,4,"Avenida Reforma, Ciudad de Guatemala, Departamento de Guatemala, Guatemala"
3820122597,14.5985202,-90.5206763,Interseccion_202,interseccion,3,"14 Calle, Ciudad de Guatemala, Departamento de Guatemala, Guatemala"
3834877532,14.5834295,-90.5216413,Interseccion_203,interseccion,3,"Avenida Las Américas, Ciudad de Guatemala, Departamento de Guatemala, Guatemala"
3834877533,14.5834847,-90.5216264,Interseccion_204,interseccion,3,"14 Calle, Ciudad de Guatemala, Departamento de Guatemala, Guatemala"
3834877538,14.5833483,-90.5211565,Interseccion_205,interseccion,3,"Avenida Las Américas, Ciudad de Guatemala, Departamento de Guatemala, Guatemala"
3834877579,14.589161,-90.5185107,Interseccion_206,interseccion,1,"6a Calle, Ciudad de Guatemala, Departamento de Guatemala, Guatemala"
3835760559,14.6000986,-90.5165179,Interseccion_207,interseccion,3,"Avenida Reforma, Ciudad de Guatemala, Departamento de Guatemala, Guatemala"
3835760560,14.6003021,-90.5163509,Interseccion_208,interseccion,3,"Avenida Reforma, Ciudad de Guatemala, Departamento de Guatemala, Guatemala"
3835760570,14.5992027,-90.5171114,Interseccion_209,interseccion,3,"Avenida Reforma, Ciudad de Guatemala, Departamento de Guatemala, Guatemala"
3835760571,14.5989333,-90.5170412,Interseccion_210,interseccion,3,"Avenida Reforma, Ciudad de Guatemala, Departamento de Guatemala, Guatemala"
4010444728,14.6011033,-90.5182183,Interseccion_211,interseccion,4,"Plaza España, Ciudad de Guatemala, Departamento de Guatemala, Guatemala"
4010448614,14.6010614,-90.5260637,Interseccion_212,interseccion,3,"Boulevard Liberación, Ciudad de Guatemala, Departamento de Guatemala, Guatemala"
4010448618,14.6011838,-90.5257657,Interseccion_213,interseccion,3,"13 Calle, Cantón Tivoli, Ciudad de Guatemala, Departamento de Guatemala, Guatemala"
4026495402,14.6019579,-90.5164468,Interseccion_214,interseccion,3,"Avenida Reforma, Ciudad de Guatemala, Departamento de Guatemala, Guatemala"
4026532935,14.5987988,-90.5171834,Interseccion_215,interseccion,3,"Avenida Reforma, Ciudad de Guatemala, Departamento de Guatemala, Guatemala"
4026532936,14.5985535,-90.517119,Interseccion_216,interseccion,3,"Avenida Reforma, Ciudad de Guatemala, Departamento de Guatemala, Guatemala"
4029058302,14.5971056,-90.5170765,Interseccion_217,interseccion,4,"15 Calle, Ciudad de Guatemala, Departamento de Guatemala, Guatemala"
4029076273,14.595554,-90.5172713,Interseccion_218,interseccion,3,"Avenida Reforma, Ciudad de Guatemala, Departamento de Guatemala, Guatemala"
4029076274,14.597495,-90.5170049,Interseccion_219,interseccion,3,"Avenida Reforma, Ciudad de Guatemala, Departamento de Guatemala, Guatemala"
4029076275,14.5977357,-90.5168419,Interseccion_220,interseccion,3,"Avenida Reforma, Ciudad de Guatemala, Departamento de Guatemala, Guatemala"
4038754533,14.587155,-90.5222126,Interseccion_221,interseccion,3,"15 Avenida, Ciudad de Guatemala, Departamento de Guatemala, Guatemala"
4038754534,14.5871239,-90.5221131,Interseccion_222,interseccion,3,"15 Avenida, Ciudad de Guatemala, Departamento de Guatemala, Guatemala"
4066825507,14.594632,-90.5185914,Interseccion_223,interseccion,3,"Boulevard Liberación, Ciudad de Guatemala, Departamento de Guatemala, Guatemala"
4066829230,14.5961908,-90.5213584,Interseccion_224,interseccion,3,"Boulevard Liberación, Ciudad de Guatemala, Departamento de Guatemala, Guatemala"
4066848948,14.593902,-90.51746,Interseccion_225,interseccion,3,"Plaza Obelisco, Ciudad de Guatemala, Departamento de Guatemala, Guatemala"
4066848949,14.5940627,-90.5173696,Interseccion_226,interseccion,3,"Plaza Obelisco, Ciudad de Guatemala, Departamento de Guatemala, Guatemala"
4066880398,14.6027006,-90.5279372,Interseccion_227,interseccion,3,"7a Avenida, Ciudad de Guatemala, Departamento de Guatemala, Guatemala"
4066895530,14.6042353,-90.5286111,Interseccion_228,interseccion,3,"Avenida La Castellana, Ciudad de Guatemala, Departamento de Guatemala, Guatemala"
4072279948,14.6012987,-90.5264426,Interseccion_229,interseccion,3,"Boulevard Liberación, Ciudad de Guatemala, Departamento de Guatemala, Guatemala"
4087230806,14.6005449,-90.5221853,Interseccion_230,interseccion,4,"13 Calle, Cantón Tivoli, Ciudad de Guatemala, Departamento de Guatemala, Guatemala"
4100532182,14.5889436,-90.5201325,Interseccion_231,interseccion,3,"Avenida Las Américas, Ciudad de Guatemala, Departamento de Guatemala, Guatemala"
4398381662,14.5906255,-90.5190248,Interseccion_232,interseccion,3,"5a Calle, Ciudad de Guatemala, Departamento de Guatemala, Guatemala"
4696504125,14.5969154,-90.5182475,Interseccion_233,interseccion,1,"15 Calle A, Ciudad de Guatemala, Departamento de Guatemala, Guatemala"
4696504126,14.5967867,-90.5175589,Interseccion_234,interseccion,3,"15 Calle A, Ciudad de Guatemala, Departamento de Guatemala, Guatemala"
5397068453,14.5968992,-90.5196008,Interseccion_235,interseccion,3,"7a Avenida, Ciudad de Guatemala, Departamento de Guatemala, Guatemala"
5399456164,14.5860469,-90.5214205,Interseccion_236,interseccion,3,"11 Calle, Ciudad de Guatemala, Departamento de Guatemala, Guatemala"
5399456167,14.5860817,-90.5223479,Interseccion_237,interseccion,3,"11 Calle, Ciudad de Guatemala, Departamento de Guatemala, Guatemala"
5764198882,14.5887787,-90.5210662,Interseccion_238,interseccion,1,"8a Calle, Ciudad de Guatemala, Departamento de Guatemala, Guatemala"
6037880180,14.6010169,-90.5166355,Interseccion_239,interseccion,5,"12 Calle, Ciudad de Guatemala, Departamento de Guatemala, Guatemala"
6135927153,14.6038145,-90.5286575,Interseccion_240,interseccion,3,"Boulevard Liberación, Ciudad de Guatemala, Departamento de Guatemala, Guatemala"
6135927164,14.6039647,-90.5283903,Interseccion_241,interseccion,3,"Diagonal 12, Ciudad de Guatemala, Departamento de Guatemala, Guatemala"
6145873709,14.5953268,-90.5207639,Interseccion_242,interseccion,3,"Avenida Hincapié, Ciudad de Guatemala, Departamento de Guatemala, Guatemala"
7047606323,14.6006785,-90.5189952,Interseccion_243,interseccion,3,"Plaza España, Ciudad de Guatemala, Departamento de Guatemala, Guatemala"
7047752412,14.5979195,-90.5172383,Interseccion_244,interseccion,3,"14 Calle, Ciudad de Guatemala, Departamento de Guatemala, Guatemala"
7124905985,14.6042909,-90.5282033,Interseccion_245,interseccion,3,"11 Calle, Ciudad de Guatemala, Departamento de Guatemala, Guatemala"
7127559418,14.5985359,-90.5211564,Interseccion_246,interseccion,3,"6a Avenida, Ciudad de Guatemala, Departamento de Guatemala, Guatemala"
9152508296,14.5908616,-90.5189307,Interseccion_247,interseccion,3,"Avenida Las Américas, Ciudad de Guatemala, Departamento de Guatemala, Guatemala"
9482261012,14.596324,-90.5216878,Interseccion_248,interseccion,3,"6a Avenida, Ciudad de Guatemala, Departamento de Guatemala, Guatemala"
9716924055,14.5978729,-90.5212876,Interseccion_249,interseccion,4,"6a Avenida, Ciudad de Guatemala, Departamento de Guatemala, Guatemala"
9716924063,14.5968264,-90.519718,Interseccion_250,interseccion,3,"7a Avenida, Ciudad de Guatemala, Departamento de Guatemala, Guatemala"
10858926469,14.5960818,-90.5210927,Interseccion_251,interseccion,3,"Boulevard Liberación, Ciudad de Guatemala, Departamento de Guatemala, Guatemala"
11098923839,14.5846185,-90.520478,Interseccion_252,interseccion,1,"Ciudad de Guatemala, Departamento de Guatemala, Guatemala"
11098923840,14.5850981,-90.5201702,Interseccion_253,interseccion,1,"Ciudad de Guatemala, Departamento de Guatemala, Guatemala"
11098923841,14.585173,-90.5201242,Interseccion_254,interseccion,3,"Ciudad de Guatemala, Departamento de Guatemala, Guatemala"
11098923842,14.5845673,-90.5205093,Interseccion_255,interseccion,3,"Ciudad de Guatemala, Departamento de Guatemala, Guatemala"
11583024563,14.602024,-90.5161666,Interseccion_256,interseccion,3,"Avenida Reforma, Ciudad de Guatemala, Departamento de Guatemala, Guatemala"
11583024564,14.6022433,-90.5159942,Interseccion_257,interseccion,3,"Avenida Reforma, Ciudad de Guatemala, Departamento de Guatemala, Guatemala"
11583042385,14.6006574,-90.5188991,Interseccion_258,interseccion,3,"Plaza España, Ciudad de Guatemala, Departamento de Guatemala, Guatemala"
11583042405,14.601443,-90.519436,Interseccion_259,interseccion,3,"Plaza España, Cantón Tivoli, Ciudad de Guatemala, Departamento de Guatemala, Guatemala"
11653915796,14.6015057,-90.5264371,Interseccion_260,interseccion,3,"Boulevard Liberación, Ciudad de Guatemala, Departamento de Guatemala, Guatemala"
11658506367,14.587911,-90.5228173,Interseccion_261,interseccion,1,"Ciudad de Guatemala, Departamento de Guatemala, Guatemala"
11658600807,14.5869316,-90.5227578,Interseccion_262,interseccion,1,"Ciudad de Guatemala, Departamento de Guatemala, Guatemala"
11658600808,14.5865117,-90.5228861,Interseccion_263,interseccion,3,"11 Calle, Ciudad de Guatemala, Departamento de Guatemala, Guatemala"
11825678559,14.6030235,-90.5280402,Interseccion_264,interseccion,3,"Calle Montúfar, Pamplona, Ciudad de Guatemala, Departamento de Guatemala, Guatemala"
11825812432,14.5950245,-90.5183458,Interseccion_265,interseccion,3,"Avenida Reforma, Ciudad de Guatemala, Departamento de Guatemala, Guatemala"
11839402225,14.5950161,-90.518317,Interseccion_266,interseccion,3,"Boulevard Liberación, Ciudad de Guatemala, Departamento de Guatemala, Guatemala"
11867040946,14.5857483,-90.5217189,Interseccion_267,interseccion,1,"15 Avenida A, Ciudad de Guatemala, Departamento de Guatemala, Guatemala"
11867040947,14.5919149,-90.5190657,Interseccion_268,interseccion,3,"Avenida Las Américas, Ciudad de Guatemala, Departamento de Guatemala, Guatemala"
11867040948,14.5916286,-90.5191984,Interseccion_269,interseccion,3,"Avenida Las Américas, Ciudad de Guatemala, Departamento de Guatemala, Guatemala"
12079442907,14.5969672,-90.5195873,Interseccion_270,interseccion,3,"7a Avenida, Ciudad de Guatemala, Departamento de Guatemala, Guatemala"
12079442910,14.5969264,-90.5196994,Interseccion_271,interseccion,3,"7a Avenida, Ciudad de Guatemala, Departamento de Guatemala, Guatemala"
12092704997,14.5863769,-90.5234715,Interseccion_272,interseccion,4,"Avenida Hincapié, Ciudad de Guatemala, Departamento de Guatemala, Guatemala"
12092704999,14.5866567,-90.5233359,Interseccion_273,interseccion,4,"Avenida Hincapié, Ciudad de Guatemala, Departamento de Guatemala, Guatemala"
12096939657,14.5921216,-90.5200453,Interseccion_274,interseccion,3,"5a Calle, Ciudad de Guatemala, Departamento de Guatemala, Guatemala"
12096939658,14.5921734,-90.5199026,Interseccion_275,interseccion,3,"15 Avenida A, Ciudad de Guatemala, Departamento de Guatemala, Guatemala"
12106124787,14.5939248,-90.5208421,Interseccion_276,interseccion,1,"Ciudad de Guatemala, Departamento de Guatemala, Guatemala"
12106124788,14.594122,-90.5214212,Interseccion_277,interseccion,3,"Ciudad de Guatemala, Departamento de Guatemala, Guatemala"
12182615081,14.5902065,-90.521459,Interseccion_278,interseccion,1,"Ciudad de Guatemala, Departamento de Guatemala, Guatemala"
12182615083,14.5901861,-90.5213891,Interseccion_279,interseccion,3,"Ciudad de Guatemala, Departamento de Guatemala, Guatemala"
12182615084,14.5902919,-90.5224236,Interseccion_280,interseccion,1,"Ciudad de Guatemala, Departamento de Guatemala, Guatemala"
12182615094,14.5903186,-90.5225124,Interseccion_281,interseccion,3,"Avenida Hincapié, Ciudad de Guatemala, Departamento de Guatemala, Guatemala"
12194576841,14.5886679,-90.5190748,Interseccion_282,interseccion,3,"Ciudad de Guatemala, Departamento de Guatemala, Guatemala"
12196993484,14.5897769,-90.5212551,Interseccion_283,interseccion,1,"7a Calle, Ciudad de Guatemala, Departamento de Guatemala, Guatemala"
12196993485,14.589433,-90.5213597,Interseccion_284,interseccion,1,"7a Calle A, Ciudad de Guatemala, Departamento de Guatemala, Guatemala"
12310652523,14.5881679,-90.5198016,Interseccion_285,interseccion,3,"Avenida Las Américas, Ciudad de Guatemala, Departamento de Guatemala, Guatemala"
12318905768,14.5984602,-90.5203539,Interseccion_286,interseccion,3,"14 Calle, Ciudad de Guatemala, Departamento de Guatemala, Guatemala"
12636185688,14.5985845,-90.5210224,Interseccion_287,interseccion,3,"14 Calle, Ciudad de Guatemala, Departamento de Guatemala, Guatemala"
12636194325,14.5984828,-90.5211674,Interseccion_288,interseccion,3,"6a Avenida, Ciudad de Guatemala, Departamento de Guatemala, Guatemala"
13206194903,14.5998922,-90.5185255,Interseccion_289,interseccion,3,"13 Calle, Ciudad de Guatemala, Departamento de Guatemala, Guatemala"
13206194908,14.599107,-90.5185032,Interseccion_290,interseccion,1,"Ciudad de Guatemala, Departamento de Guatemala, Guatemala"
14206194901,14.588834634913587,-90.51968556895415,Parque 14,POI,0,"Avenida Las Americas, Ciudad de Guatemala"
14206194902,14.588239564754598,-90.52036340293212,Pollo Campero Las Americas,POI,0,"Avenida Las Americas, Ciudad de Guatemala"
14206194903,14.594599534676917,-90.51773054408103,Plaza Obelisco,POI,0,"Plaza Obelisco, Ciudad de Guatemala"
14206194904,14.601261843980865,-90.51885094699149,Plaza Espana,POI,0,"Plaza Espana, Ciudad de Guatemala"
14206194905,14.603789292327534,-90.52547044395051,CC Montufar,POI,0,"11 Calle, Canton Tivoli, Ciudad de Guatemala"
14206194906,14.599630372858584,-90.52485236195658,McDonalds Blvd Liberacion,POI,0,"Boulevard Liberacion, Ciudad de Guatemala"
14206194907,14.598758060118497,-90.52415343581889,Shell Aeropuerto,POI,0,"Boulevard Liberacion, Ciudad de Guatemala"
14206194908,14.596072196340891,-90.5216115071577,Reloj de Flores,POI,0,"6a Avenida, Ciudad de Guatemala"
14206194909,14.594438415933247,-90.52026533693522,Hospital Liberacion,POI,0,"15 Avenida, Ciudad de Guatemala"
14206194910,14.589571718962874,-90.52155848419153,SIB Superintendencia de Bancos,POI,0,"7a Calle A, Ciudad de Guatemala"
14206194911,14.582998666360206,-90.52124429927272,Interseccion_Sur,interseccion,2,"Avenida Las Americas, Ciudad de Guatemala"
14206194912,14.588709432460064,-90.51974192941503,Acceso_Parque14,interseccion,2,"Avenida Las Americas, Ciudad de Guatemala"
14206194913,14.588262408325914,-90.52031037876694,Acceso_PolloCampero,interseccion,2,"Avenida Las Americas, Ciudad de Guatemala"
14206194914,14.586723427036592,-90.52359225964447,Acceso_SIB,interseccion,2,"Avenida Hincapie, Ciudad de Guatemala"
14206194915,14.595050278108047,-90.5176380153815,Acceso_PlazaObelisco,interseccion,2,"Plaza Obelisco, Ciudad de Guatemala"
14206194916,14.599647989435104,-90.52492869881988,Acceso_McDonalds,interseccion,2,"Boulevard Liberacion, Ciudad de Guatemala"
14206194917,14.598777677044083,-90.52416533507473,Acceso_ShellAeropuerto,interseccion,2,"Boulevard Liberacion, Ciudad de Guatemala"
14206194918,14.601089723203392,-90.51817045894538,Acceso_PlazaEspana,interseccion,2,"Plaza Espana, Ciudad de Guatemala"
14206194919,14.59436151363111,-90.52025566111371,Acceso_Hospital,interseccion,2,"15 Avenida, Ciudad de Guatemala"
14206194920,14.596126038312118,-90.52177180198571,Acceso_RelojFlores,interseccion,2,"6a Avenida, Ciudad de Guatemala"
14206194921,14.60377655574219,-90.52538655426449,Acceso_CCMontufar,interseccion,2,"11 Calle, Canton Tivoli, Ciudad de Guatemala"
14206194922,14.598772178795187,-90.52417719642942,Nodo_Shell_Calle,interseccion,2,"Boulevard Liberacion, Ciudad de Guatemala"
